RW9sMtmrz2g,VPN groups
ys7q1MVbSP4,Different patterns of sampling visual space in the Drosophila visual system
3Gvpj9ghnH4,Regions of the Drosophila visual system and 15 columnar cell types
qiy3ZLzfq5E,LT74, a Drosophila Visual Projection Neuron from optic-lobe:v1.0 (short)
igsBcFuQEgM,LT80, a Drosophila Visual Projection Neuron from optic-lobe:v1.0
i__Pn_qTk-0,LT79, a Drosophila Visual Projection Neuron from optic-lobe:v1.0
g-gySX-a0js,LT84, a Drosophila Visual Projection Neuron from optic-lobe:v1.0 (short)
_ue8EXv8HIM,One selected neuron per cell type in the visual system catalog of Drosophila
XutFLFucqY0,LT68, a Drosophila Visual Projection Neuron from optic-lobe:v1.0 (short)
HrruYHI1p8U,LT77, a Drosophila Visual Projection Neuron from optic-lobe:v1.0 (short)
VtuyY9IxRHA,LT70, a Drosophila Visual Centrifugal Neuron from optic-lobe:v1.0 (short)
U6UELBqs7XI,LT69, a Drosophila Visual Projection Neuron from optic-lobe:v1.0 (short)
Q3gjP_49FS4,LT86, a Drosophila Visual Projection Neuron from optic-lobe:v1.0 (short)
MgZytGp8N5s,LT82b, a Drosophila Visual Projection Neuron from optic-lobe:v1.0
L2Cemp_npkY,LT72, a Drosophila Visual Projection Neuron from optic-lobe:v1.0 (short)
JSTczCddPeM,LT78, a Drosophila Visual Projection Neuron from optic-lobe:v1.0 (short)
BwSming3B-E,LT73, a Drosophila Visual Projection Neuron from optic-lobe:v1.0 (short)
BXWhwF1CuGY,LT82a, a Drosophila Visual Projection Neuron from optic-lobe:v1.0 (short)
7undy7ZWNhM,LT87, a Drosophila Visual Projection Neuron from optic-lobe:v1.0
6i1ETv8PdPs,LT83, a Drosophila Visual Projection Neuron from optic-lobe:v1.0
6Er2WYinG2Y,LT88, a Drosophila Optic Lobe Connecting Neuron from optic-lobe:v1.0 (short)
5lYzgHpFkSI,LT81, a Drosophila Visual Projection Neuron from optic-lobe:v1.0 (short)
3CLwpM-6uik,LT76, a Drosophila Visual Projection Neuron from optic-lobe:v1.0 (short)
00jgJo7OPpk,LT75, a Drosophila Visual Projection Neuron from optic-lobe:v1.0 (short)
j1-VsXDfPmw,Am1, a Drosophila Optic Lobe Connecting Neuron from optic-lobe:v1.0 (short)
MketiWh-no0,aMe1, a Drosophila Visual Projection Neuron from optic-lobe:v1.0 (short)
JvdZ2mypd2E,5-HTPMPV01, a Drosophila Visual Centrifugal Neuron from optic-lobe:v1.0 (short)
3dSxMFzhH1w,5thsLNv_LNd6, a Drosophila Visual Projection Neuron from optic-lobe:v1.0 (short)
3L5JjQaOBkU,5-HTPMPV03, a Drosophila Visual Centrifugal Neuron from optic-lobe:v1.0 (short)
vBKfM2G7oGM,aMe2, a Drosophila Visual Centrifugal Neuron from optic-lobe:v1.0 (short)
lOofQOSSQao,aMe10, a Drosophila Visual Projection Neuron from optic-lobe:v1.0 (short)
Vv4qzNqeLw4,aMe5, a Drosophila Visual Projection Neuron from optic-lobe:v1.0 (short)
UmzrcEsGF_0,aMe8, a Drosophila Visual Projection Neuron from optic-lobe:v1.0 (short)
TUuOo-xLRlg,aMe9, a Drosophila Visual Projection Neuron from optic-lobe:v1.0
CtWjlYfyUg4,aMe4, a Drosophila Visual Centrifugal Neuron from optic-lobe:v1.0 (short)
ACoA_SFTXZU,aMe6b, a Drosophila Optic Lobe Intrinsic Neuron from optic-lobe:v1.0 (short)
A5oR6fJOi_s,aMe6a, a Drosophila Visual Projection Neuron from optic-lobe:v1.0 (short)
6y0A6e8E6pM,aMe3, a Drosophila Visual Projection Neuron from optic-lobe:v1.0 (short)
1e0z4-9dSiU,aMe6c, a Drosophila Optic Lobe Connecting Neuron from optic-lobe:v1.0 (short)
wFj49cNNN4g,aMe15, a Drosophila Visual Projection Neuron from optic-lobe:v1.0 (short)
kBfM_mOiJkM,aMe22, a Drosophila Visual Centrifugal Neuron from optic-lobe:v1.0 (short)
aAeP4vQWLKA,aMe13, a Drosophila Visual Projection Neuron from optic-lobe:v1.0 (short)
MPS_0LQ6r_c,aMe17e, a Drosophila Visual Centrifugal Neuron from optic-lobe:v1.0 (short)
7hnXD2g-MRw,aMe17c, a Drosophila Visual Centrifugal Neuron from optic-lobe:v1.0
6cA-NY4-DPg,aMe12, a Drosophila Visual Projection Neuron from optic-lobe:v1.0 (short)
0agbjCBQQf0,aMe17b, a Drosophila Visual Centrifugal Neuron from optic-lobe:v1.0
ruOppEpe-2s,aMe20, a Drosophila Visual Projection Neuron from optic-lobe:v1.0 (short)
Ac1RTs0-cGM,aMe17a, a Drosophila Visual Centrifugal Neuron from optic-lobe:v1.0 (short)
znbNzXtWn34,aMe24, a Drosophila visual system neuron from optic-lobe:v1.0 (short)
oG197E0-Ao8,aMe25, a Drosophila Visual Projection Neuron from optic-lobe:v1.0 (short)
gPyMATavxic,aMe_TBD1, a Drosophila visual system neuron from optic-lobe:v1.0 (short)
WowmBE0Sf-0,AOTU045, a Drosophila Visual Projection Neuron from optic-lobe:v1.0 (short)
V0jZCVyA1XE,aMe30, a Drosophila Visual Centrifugal Neuron from optic-lobe:v1.0 (short)
S90YgQaWbGk,aMe23, a Drosophila Visual Projection Neuron from optic-lobe:v1.0 (short)
O9Gy1Ql8yUo,aMe26, a Drosophila Visual Projection Neuron from optic-lobe:v1.0 (short)
7qrSXoftzh4,Ascending_TBD1, a Drosophila visual system neuron from optic-lobe:v1.0 (short)
vLbDgm-PA28,CL125, a Drosophila Visual Projection Neuron from optic-lobe:v1.0 (short)
urMajR3wjBw,Cm5, a Drosophila Optic Lobe Intrinsic Neuron from optic-lobe:v1.0
cFjZtxr5W1o,CL357, a Drosophila Visual Centrifugal Neuron from optic-lobe:v1.0 (short)
Xo8pLvLH2Y4,C2, a Drosophila Optic Lobe Connecting Neuron from optic-lobe:v1.0
Tbn58r0xCbo,Cm2, a Drosophila Optic Lobe Intrinsic Neuron from optic-lobe:v1.0
FpcLxvR9d1A,Cm3, a Drosophila Optic Lobe Intrinsic Neuron from optic-lobe:v1.0
DvU1RVPn-YA,Cm4, a Drosophila Optic Lobe Intrinsic Neuron from optic-lobe:v1.0
D37Z1zNRAvQ,Cm1, a Drosophila Optic Lobe Intrinsic Neuron from optic-lobe:v1.0
78FnWzcUB88,C3, a Drosophila Optic Lobe Connecting Neuron from optic-lobe:v1.0
2pe2o3fuz0w,Cm6, a Drosophila Optic Lobe Intrinsic Neuron from optic-lobe:v1.0
KwVPfR9alYc,Li19, a Drosophila Optic Lobe Intrinsic Neuron from optic-lobe:v1.0 (short)
HKZr9XzTEGY,Cm11c, a Drosophila Optic Lobe Intrinsic Neuron from optic-lobe:v1.0
kL1In5YzsBg,Li20, a Drosophila Optic Lobe Intrinsic Neuron from optic-lobe:v1.0
evvvbCIJSoE,Cm8, a Drosophila Optic Lobe Intrinsic Neuron from optic-lobe:v1.0
d7O8ocy61dE,Cm11b, a Drosophila Optic Lobe Intrinsic Neuron from optic-lobe:v1.0
YyooP9df45A,Cm10, a Drosophila Optic Lobe Intrinsic Neuron from optic-lobe:v1.0 (short)
V3h4gf7tHoM,Cm9, a Drosophila Optic Lobe Intrinsic Neuron from optic-lobe:v1.0
SFFnDGoE_aM,Cm11d, a Drosophila Optic Lobe Intrinsic Neuron from optic-lobe:v1.0 (short)
Ouc6X0M7upw,Cm7, a Drosophila Optic Lobe Intrinsic Neuron from optic-lobe:v1.0
F-i4UDAsR68,Cm11a, a Drosophila Optic Lobe Intrinsic Neuron from optic-lobe:v1.0
RjnoUjAQenE,Li21, a Drosophila Optic Lobe Intrinsic Neuron from optic-lobe:v1.0
O5PNWOgDyKY,Li23, a Drosophila Optic Lobe Intrinsic Neuron from optic-lobe:v1.0
vcq_3RO_zGM,Li29, a Drosophila Optic Lobe Intrinsic Neuron from optic-lobe:v1.0 (short)
vDKDiMaetI0,Li27, a Drosophila Optic Lobe Intrinsic Neuron from optic-lobe:v1.0
q7fgqXwaTFQ,Li25, a Drosophila Optic Lobe Intrinsic Neuron from optic-lobe:v1.0
f-EyegjkPzY,Cm12, a Drosophila Optic Lobe Intrinsic Neuron from optic-lobe:v1.0
ZTZpmkpXnog,Li22, a Drosophila Optic Lobe Intrinsic Neuron from optic-lobe:v1.0
YljjL7YFPFc,Cm13, a Drosophila Optic Lobe Intrinsic Neuron from optic-lobe:v1.0 (short)
NkKPRVZ7Ybk,Li26, a Drosophila Optic Lobe Intrinsic Neuron from optic-lobe:v1.0 (short)
9qDSH_pAXzM,Li28, a Drosophila Optic Lobe Intrinsic Neuron from optic-lobe:v1.0 (short)
v98ACHZfaBQ,Cm23, a Drosophila Optic Lobe Intrinsic Neuron from optic-lobe:v1.0 (short)
spkkm1_F-wc,Cm19, a Drosophila Optic Lobe Intrinsic Neuron from optic-lobe:v1.0 (short)
ktsmZrnpz90,Cm21, a Drosophila Optic Lobe Intrinsic Neuron from optic-lobe:v1.0 (short)
km6qCae5DQY,Cm14, a Drosophila Optic Lobe Intrinsic Neuron from optic-lobe:v1.0 (short)
gP32c863l_A,Cm15, a Drosophila Optic Lobe Intrinsic Neuron from optic-lobe:v1.0
_lYIXSlLUqk,Cm20, a Drosophila Optic Lobe Intrinsic Neuron from optic-lobe:v1.0
YKOyvToKCg4,Cm17, a Drosophila Optic Lobe Intrinsic Neuron from optic-lobe:v1.0 (short)
OMj1ltJ3ZVQ,Cm18, a Drosophila Optic Lobe Intrinsic Neuron from optic-lobe:v1.0
FVeWRFMmsQk,Cm16, a Drosophila Optic Lobe Intrinsic Neuron from optic-lobe:v1.0
5EICmdTugU4,Cm22, a Drosophila Optic Lobe Intrinsic Neuron from optic-lobe:v1.0
zJo3VYNmbOU,Cm27, a Drosophila Optic Lobe Intrinsic Neuron from optic-lobe:v1.0 (short)
ug9a5B2k8Lk,Cm30, a Drosophila Optic Lobe Intrinsic Neuron from optic-lobe:v1.0
sZrQ_8Wj3wI,Cm32, a Drosophila Optic Lobe Intrinsic Neuron from optic-lobe:v1.0
q0oSsUX1OJg,Cm28, a Drosophila Optic Lobe Intrinsic Neuron from optic-lobe:v1.0 (short)
KrCWTsJNuFQ,Cm31b, a Drosophila Optic Lobe Intrinsic Neuron from optic-lobe:v1.0
IKK9zJLDzcc,Cm25, a Drosophila Optic Lobe Intrinsic Neuron from optic-lobe:v1.0 (short)
Ezk_gdNyXE4,Cm24, a Drosophila Optic Lobe Intrinsic Neuron from optic-lobe:v1.0 (short)
C6FqLBMbJHQ,Cm29, a Drosophila Optic Lobe Intrinsic Neuron from optic-lobe:v1.0
51seHKpOVu4,Cm26, a Drosophila Optic Lobe Intrinsic Neuron from optic-lobe:v1.0 (short)
1fTkos3RdvU,Cm31a, a Drosophila Optic Lobe Intrinsic Neuron from optic-lobe:v1.0
_EDSIOUuncY,Dm2, a Drosophila Optic Lobe Intrinsic Neuron from optic-lobe:v1.0
VsJJvWK_P1A,Dm1, a Drosophila Optic Lobe Intrinsic Neuron from optic-lobe:v1.0
Ur7Eh90h1Xo,dCal1, a Drosophila Visual Projection Neuron from optic-lobe:v1.0 (short)
PcgyhQyDoK0,Cm33, a Drosophila Optic Lobe Intrinsic Neuron from optic-lobe:v1.0 (short)
NObz1COc1J8,Cm34, a Drosophila Optic Lobe Intrinsic Neuron from optic-lobe:v1.0
Lhi_Z6oZlh4,Cm-DRA, a Drosophila Optic Lobe Intrinsic Neuron from optic-lobe:v1.0 (short)
KvGMcuQ6P5Q,CT1, a Drosophila Optic Lobe Connecting Neuron from optic-lobe:v1.0 (short)
ISLq7eBTOxg,DCH, a Drosophila Visual Centrifugal Neuron from optic-lobe:v1.0 (short)
6isn6TQ5yKU,Cm35, a Drosophila Optic Lobe Intrinsic Neuron from optic-lobe:v1.0
-t4zdm-LQ0s,Dm3a, a Drosophila Optic Lobe Intrinsic Neuron from optic-lobe:v1.0
JwJr-yFuKKA,Dm12, a Drosophila Optic Lobe Intrinsic Neuron from optic-lobe:v1.0
ueFkH2fpf3g,Dm11, a Drosophila Optic Lobe Intrinsic Neuron from optic-lobe:v1.0
rcBhSO-dvqY,Dm4, a Drosophila Optic Lobe Intrinsic Neuron from optic-lobe:v1.0
QlsOxrXphMI,Dm3b, a Drosophila Optic Lobe Intrinsic Neuron from optic-lobe:v1.0
PQVYJGe0SyA,Dm8b, a Drosophila Optic Lobe Intrinsic Neuron from optic-lobe:v1.0
HDL8fTlD0jg,Dm10, a Drosophila Optic Lobe Intrinsic Neuron from optic-lobe:v1.0
FuipnRXuxGY,Dm6, a Drosophila Optic Lobe Intrinsic Neuron from optic-lobe:v1.0
2_IA7jpVOos,Dm8a, a Drosophila Optic Lobe Intrinsic Neuron from optic-lobe:v1.0
29mm-KtTp8A,Dm9, a Drosophila Optic Lobe Intrinsic Neuron from optic-lobe:v1.0
-xpxkEFuyow,Dm3c, a Drosophila Optic Lobe Intrinsic Neuron from optic-lobe:v1.0
62GGUqr0OAk,Dm13, a Drosophila Optic Lobe Intrinsic Neuron from optic-lobe:v1.0
uIEkUZWRU0A,Dm19, a Drosophila Optic Lobe Intrinsic Neuron from optic-lobe:v1.0 (short)
rXgV86IT58Y,Dm16, a Drosophila Optic Lobe Intrinsic Neuron from optic-lobe:v1.0
fc8bTjE3VXc,Dm15, a Drosophila Optic Lobe Intrinsic Neuron from optic-lobe:v1.0
_dhuS2xDPVA,Dm-DRA1, a Drosophila Optic Lobe Intrinsic Neuron from optic-lobe:v1.0
YY9wiaY6Y2g,Dm20, a Drosophila Optic Lobe Intrinsic Neuron from optic-lobe:v1.0 (short)
N_kP2MyEaCA,Dm18, a Drosophila Optic Lobe Intrinsic Neuron from optic-lobe:v1.0
7fseAG0gbqw,Dm17, a Drosophila Optic Lobe Intrinsic Neuron from optic-lobe:v1.0
5KOUsbmW5f4,Dm14, a Drosophila Optic Lobe Intrinsic Neuron from optic-lobe:v1.0
56sko2T2MkQ,Dm-DRA2, a Drosophila Optic Lobe Intrinsic Neuron from optic-lobe:v1.0
sgv68FV_nE4,DN1a, a Drosophila Visual Centrifugal Neuron from optic-lobe:v1.0 (short)
q_eth9zC2TU,Li33, a Drosophila Optic Lobe Intrinsic Neuron from optic-lobe:v1.0
dFJJPharUqA,Li34b, a Drosophila Optic Lobe Intrinsic Neuron from optic-lobe:v1.0
PwjXJVKHuFs,Li31, a Drosophila Optic Lobe Intrinsic Neuron from optic-lobe:v1.0
POz3XuaLzkM,Li34a, a Drosophila Optic Lobe Intrinsic Neuron from optic-lobe:v1.0
LpGnmd8GCLM,Li35, a Drosophila Optic Lobe Intrinsic Neuron from optic-lobe:v1.0 (short)
2c5XaVcAtS0,Li30, a Drosophila Optic Lobe Intrinsic Neuron from optic-lobe:v1.0
2GzcoaUDoe0,Li32, a Drosophila Optic Lobe Intrinsic Neuron from optic-lobe:v1.0
bJr9VTGGz64,Li38, a Drosophila Optic Lobe Intrinsic Neuron from optic-lobe:v1.0
yYk8picoYqM,l-LNv, a Drosophila Visual Projection Neuron from optic-lobe:v1.0 (short)
yXd6T0BMiJA,LLPC3, a Drosophila Visual Projection Neuron from optic-lobe:v1.0 (short)
weM4NodABqQ,Li36, a Drosophila Optic Lobe Intrinsic Neuron from optic-lobe:v1.0 (short)
mBOH_VJI3To,LoVC2, a Drosophila Visual Centrifugal Neuron from optic-lobe:v1.0 (short)
c2kLAMuywCk,LoVC1, a Drosophila Visual Centrifugal Neuron from optic-lobe:v1.0
Z5kLPrIXZOw,Li37, a Drosophila Optic Lobe Intrinsic Neuron from optic-lobe:v1.0 (short)
Z53hb6ljlJ0,LLPC1, a Drosophila Visual Projection Neuron from optic-lobe:v1.0 (short)
Wsjk8EbLDLY,LLPC2, a Drosophila Visual Projection Neuron from optic-lobe:v1.0 (short)
Aqxqx29vz98,Li39, a Drosophila Optic Lobe Intrinsic Neuron from optic-lobe:v1.0
zP6ClpgmEBk,LoVP26, a Drosophila Visual Projection Neuron from optic-lobe:v1.0 (short)
ylgSqcg8Wdc,LoVP28, a Drosophila Visual Projection Neuron from optic-lobe:v1.0 (short)
xuisidHvl80,LoVC5, a Drosophila Visual Centrifugal Neuron from optic-lobe:v1.0 (short)
sH3knm4wxgA,LoVC3, a Drosophila Visual Centrifugal Neuron from optic-lobe:v1.0 (short)
kCxL3jBxi4g,LoVP25, a Drosophila Visual Projection Neuron from optic-lobe:v1.0
hBnwtVxL0Fk,LoVP23, a Drosophila Visual Projection Neuron from optic-lobe:v1.0 (short)
NEBa-SN7PFg,LoVP27, a Drosophila Visual Projection Neuron from optic-lobe:v1.0
JAOJXGzFgQw,LoVC4, a Drosophila Visual Centrifugal Neuron from optic-lobe:v1.0 (short)
GGvncJ-836c,LoVP29, a Drosophila Visual Projection Neuron from optic-lobe:v1.0 (short)
1cYGZbY4Srw,LoVP24, a Drosophila Visual Projection Neuron from optic-lobe:v1.0
xEr9NQoiJLg,LoVP33, a Drosophila Visual Projection Neuron from optic-lobe:v1.0
xDwRVfvLbSg,LoVP38, a Drosophila Visual Projection Neuron from optic-lobe:v1.0 (short)
lFlr_l14wns,LoVP31, a Drosophila Visual Projection Neuron from optic-lobe:v1.0 (short)
kk427S__n38,LoVP39, a Drosophila Visual Projection Neuron from optic-lobe:v1.0 (short)
PxhhMrHeFto,LoVP34, a Drosophila Visual Projection Neuron from optic-lobe:v1.0
MeUN8lD9J8I,LoVP30, a Drosophila Visual Projection Neuron from optic-lobe:v1.0 (short)
IMbb_4PWmbY,LoVP36, a Drosophila Visual Projection Neuron from optic-lobe:v1.0 (short)
4aAGD-1RGyc,LoVP35, a Drosophila Visual Projection Neuron from optic-lobe:v1.0 (short)
213nTCn3-Q8,LoVP37, a Drosophila Visual Projection Neuron from optic-lobe:v1.0 (short)
tkc5U5aFWAs,LoVP42, a Drosophila Visual Projection Neuron from optic-lobe:v1.0 (short)
p-FGCZkI3mQ,LoVP43, a Drosophila Visual Projection Neuron from optic-lobe:v1.0 (short)
oy4r0fdFlMk,LoVP47, a Drosophila Visual Projection Neuron from optic-lobe:v1.0 (short)
lO9dkwSH5nM,LoVP41, a Drosophila Visual Projection Neuron from optic-lobe:v1.0 (short)
gcl2pJEcm8o,LoVP44, a Drosophila Visual Projection Neuron from optic-lobe:v1.0 (short)
cs3orvKu6QM,LoVP46, a Drosophila Visual Projection Neuron from optic-lobe:v1.0 (short)
TErrYqylaRE,LoVP45, a Drosophila Visual Projection Neuron from optic-lobe:v1.0 (short)
RxKm6eOycJg,LoVP49, a Drosophila Visual Projection Neuron from optic-lobe:v1.0 (short)
HtsCwO-0NKA,LoVP48, a Drosophila Visual Projection Neuron from optic-lobe:v1.0 (short)
-xzVhrUTFdU,LoVP40, a Drosophila Visual Projection Neuron from optic-lobe:v1.0 (short)
X8Fkq6KEqUU,LoVP56, a Drosophila Visual Projection Neuron from optic-lobe:v1.0 (short)
HWtaZMSisJM,LoVP52, a Drosophila Visual Projection Neuron from optic-lobe:v1.0 (short)
xxJJT7z24Q4,LoVP53, a Drosophila Visual Projection Neuron from optic-lobe:v1.0
jUkYvgWEtds,LoVP57, a Drosophila Visual Projection Neuron from optic-lobe:v1.0
eOhPFmA_xEk,LoVP58, a Drosophila Visual Projection Neuron from optic-lobe:v1.0
VIUJDbC_Tm4,LoVP59, a Drosophila Visual Projection Neuron from optic-lobe:v1.0 (short)
PsqcfYxY7sk,LoVP54, a Drosophila Visual Projection Neuron from optic-lobe:v1.0 (short)
JTAENSkqx_Q,LoVP55, a Drosophila Visual Projection Neuron from optic-lobe:v1.0
F6jLpeJsOe0,LoVP50, a Drosophila Visual Projection Neuron from optic-lobe:v1.0 (short)
yKrqgY4eQSc,LoVP63, a Drosophila Visual Projection Neuron from optic-lobe:v1.0 (short)
hdRa9UjJWdQ,LoVP64, a Drosophila Visual Projection Neuron from optic-lobe:v1.0 (short)
UsgQSbaD7ck,LC6, a Drosophila Visual Projection Neuron from optic-lobe:v1.0
Sl-L0zGD4DE,LC4, a Drosophila Visual Projection Neuron from optic-lobe:v1.0
SSDS2mudhkE,LoVP61, a Drosophila Visual Projection Neuron from optic-lobe:v1.0 (short)
QlfFsqGfOWM,LC9, a Drosophila Visual Projection Neuron from optic-lobe:v1.0
N9BWgFrwHN0,LoVP60, a Drosophila Visual Projection Neuron from optic-lobe:v1.0 (short)
M5aTWbgev2E,LoVP62, a Drosophila Visual Projection Neuron from optic-lobe:v1.0 (short)
H-OiMK7MITA,Lawf2, a Drosophila Optic Lobe Connecting Neuron from optic-lobe:v1.0
AXxnVecw1OY,Lawf1, a Drosophila Optic Lobe Connecting Neuron from optic-lobe:v1.0
yWQwcQsqb7Y,LC10c-1, a Drosophila Visual Projection Neuron from optic-lobe:v1.0
uaULdD0uzcg,LC10c-2, a Drosophila Visual Projection Neuron from optic-lobe:v1.0
tp1_PCGaxVc,LC10a, a Drosophila Visual Projection Neuron from optic-lobe:v1.0
tUn4UYrBx7w,LC12, a Drosophila Visual Projection Neuron from optic-lobe:v1.0
sjz7UR7vNJM,LC10d, a Drosophila Visual Projection Neuron from optic-lobe:v1.0
khxhR1TSoVI,LC11, a Drosophila Visual Projection Neuron from optic-lobe:v1.0
VuV0O-s_m_o,LC14a-1, a Drosophila Visual Projection Neuron from optic-lobe:v1.0
Pj6-S0fAKNg,LC10e, a Drosophila Visual Projection Neuron from optic-lobe:v1.0
6Oewr4zMR-0,LC10b, a Drosophila Visual Projection Neuron from optic-lobe:v1.0
12-aF0vmAos,LC13, a Drosophila Visual Projection Neuron from optic-lobe:v1.0
xgmd41F_-F8,LC17, a Drosophila Visual Projection Neuron from optic-lobe:v1.0
rOD6aISzWEk,LC14b, a Drosophila Visual Projection Neuron from optic-lobe:v1.0
fbRquW3VlfA,LC15, a Drosophila Visual Projection Neuron from optic-lobe:v1.0
dQMbj38YtB8,LC20b, a Drosophila Visual Projection Neuron from optic-lobe:v1.0
dPDUkmTtz_g,LC19, a Drosophila Visual Projection Neuron from optic-lobe:v1.0
ScUZa6yMNR0,LC18, a Drosophila Visual Projection Neuron from optic-lobe:v1.0
RpG8gQ7G_UM,LPi2e, a Drosophila Optic Lobe Intrinsic Neuron from optic-lobe:v1.0
PdXNeeqUaqg,LC16, a Drosophila Visual Projection Neuron from optic-lobe:v1.0
I0-Z4XNENr4,LC14a-2, a Drosophila Visual Projection Neuron from optic-lobe:v1.0
9GSrEGmO2JI,LC20a, a Drosophila Visual Projection Neuron from optic-lobe:v1.0
tUmvqEIXtGU,VCH, a Drosophila Visual Centrifugal Neuron from optic-lobe:v1.0
brZQMQh7D6M,vCal3, a Drosophila Visual Projection Neuron from optic-lobe:v1.0
Wmk8Uwn_rrI,VSm, a Drosophila Visual Projection Neuron from optic-lobe:v1.0
NTchmgLaTjc,vCal2, a Drosophila Visual Projection Neuron from optic-lobe:v1.0 (short)
IKMm4yq1y7o,vCal1, a Drosophila Visual Projection Neuron from optic-lobe:v1.0 (short)
85AaYuXUf3Q,Y11, a Drosophila Optic Lobe Connecting Neuron from optic-lobe:v1.0 (short)
7cde6ADjz4I,Y3, a Drosophila Optic Lobe Connecting Neuron from optic-lobe:v1.0 (short)
4R1wiPqweJQ,VS, a Drosophila Visual Projection Neuron from optic-lobe:v1.0 (short)
2v0wvrf8M_s,VLP_TBD1, a Drosophila visual system neuron from optic-lobe:v1.0
omLTMZneGIY,TmY10, a Drosophila Optic Lobe Connecting Neuron from optic-lobe:v1.0 (short)
o5d9FNR4Bx0,TmY14, a Drosophila Optic Lobe Connecting Neuron from optic-lobe:v1.0 (short)
cnUb2penTXQ,Y14, a Drosophila Optic Lobe Connecting Neuron from optic-lobe:v1.0 (short)
TrRSB25ZtrI,Y13, a Drosophila Optic Lobe Connecting Neuron from optic-lobe:v1.0 (short)
QnnWO8reLB4,TmY13, a Drosophila Optic Lobe Connecting Neuron from optic-lobe:v1.0 (short)
6lTw_L-2unQ,TmY4, a Drosophila Optic Lobe Connecting Neuron from optic-lobe:v1.0 (short)
yUcxoZ46vnk,Y12, a Drosophila Optic Lobe Connecting Neuron from optic-lobe:v1.0 (short)
nRtlmYNGYZ0,TmY5a, a Drosophila Optic Lobe Connecting Neuron from optic-lobe:v1.0 (short)
VbQabf6n9xs,TmY9b, a Drosophila Optic Lobe Connecting Neuron from optic-lobe:v1.0 (short)
FKuSTsujTbM,TmY9a, a Drosophila Optic Lobe Connecting Neuron from optic-lobe:v1.0 (short)
IvG3tNFZrOg,Tm31, a Drosophila Optic Lobe Connecting Neuron from optic-lobe:v1.0 (short)
mt6DeymLniA,Tm32, a Drosophila Optic Lobe Connecting Neuron from optic-lobe:v1.0 (short)
mN9IsxKnYuo,TmY20, a Drosophila Optic Lobe Connecting Neuron from optic-lobe:v1.0 (short)
i0Pk5OWj8R0,TmY19b, a Drosophila Optic Lobe Connecting Neuron from optic-lobe:v1.0 (short)
b-iz3tOXDKw,TmY18, a Drosophila Optic Lobe Connecting Neuron from optic-lobe:v1.0 (short)
HCSK91ARxyQ,TmY21, a Drosophila Optic Lobe Connecting Neuron from optic-lobe:v1.0 (short)
A5N3kv1WMg0,TmY17, a Drosophila Optic Lobe Connecting Neuron from optic-lobe:v1.0 (short)
8OE-w7W-V9s,TmY16, a Drosophila Optic Lobe Connecting Neuron from optic-lobe:v1.0 (short)
6Vb8wEwGSFU,TmY15, a Drosophila Optic Lobe Connecting Neuron from optic-lobe:v1.0 (short)
5KpUjJj9s8E,TmY19a, a Drosophila Optic Lobe Connecting Neuron from optic-lobe:v1.0 (short)
5iyPdF8GNhY,Tm38, a Drosophila Optic Lobe Connecting Neuron from optic-lobe:v1.0 (short)
41Bz_0p9-j8,PLP_TBD1, a Drosophila visual system neuron from optic-lobe:v1.0
ztbRZ075qYE,Tm33, a Drosophila Optic Lobe Connecting Neuron from optic-lobe:v1.0 (short)
bUynfHiaH_c,Tm39, a Drosophila Optic Lobe Connecting Neuron from optic-lobe:v1.0 (short)
Z4VtPJAFcIM,Tm34, a Drosophila Optic Lobe Connecting Neuron from optic-lobe:v1.0 (short)
YZFc4cRpzEs,TmY3, a Drosophila Optic Lobe Connecting Neuron from optic-lobe:v1.0 (short)
WN1DQ1f8GPQ,Tm37, a Drosophila Optic Lobe Connecting Neuron from optic-lobe:v1.0 (short)
UovyOi-lzks,Tm36, a Drosophila Optic Lobe Connecting Neuron from optic-lobe:v1.0 (short)
A9N12aIZnss,Tm35, a Drosophila Optic Lobe Connecting Neuron from optic-lobe:v1.0 (short)
2qBMMcHtga8,Tm40, a Drosophila Optic Lobe Connecting Neuron from optic-lobe:v1.0 (short)
uAaWasL04p8,Pm6, a Drosophila Optic Lobe Intrinsic Neuron from optic-lobe:v1.0 (short)
t3xhCQiXgc0,Pm2a, a Drosophila Optic Lobe Intrinsic Neuron from optic-lobe:v1.0
oOcNpcblOO8,Pm3, a Drosophila Optic Lobe Intrinsic Neuron from optic-lobe:v1.0
nWz-IJ0Ncac,Pm2b, a Drosophila Optic Lobe Intrinsic Neuron from optic-lobe:v1.0
kltLrbjfXEQ,Pm5, a Drosophila Optic Lobe Intrinsic Neuron from optic-lobe:v1.0
Stzkhv5D0Zs,Pm7, a Drosophila Optic Lobe Intrinsic Neuron from optic-lobe:v1.0 (short)
OK3PbkKHwIk,Pm8, a Drosophila Optic Lobe Intrinsic Neuron from optic-lobe:v1.0
M8jD4ht_Wc4,Pm4, a Drosophila Optic Lobe Intrinsic Neuron from optic-lobe:v1.0
KuakqemJN8I,Pm1, a Drosophila Optic Lobe Intrinsic Neuron from optic-lobe:v1.0
HNp1AWDrAp0,Pm9, a Drosophila Optic Lobe Intrinsic Neuron from optic-lobe:v1.0
mHGt04uG1Rw,MeTu2b, a Drosophila Visual Projection Neuron from optic-lobe:v1.0
fqupuXhth6I,MeTu3b, a Drosophila Visual Projection Neuron from optic-lobe:v1.0
sTcSu5jmkzY,MeTu3a, a Drosophila Visual Projection Neuron from optic-lobe:v1.0 (short)
i_cWPd4ZWcs,MeTu1, a Drosophila Visual Projection Neuron from optic-lobe:v1.0
d65F9PwBv1M,MeTu3c, a Drosophila Visual Projection Neuron from optic-lobe:v1.0
bLrePhlque0,Pm13, a Drosophila Optic Lobe Intrinsic Neuron from optic-lobe:v1.0
aiLTpyFIieg,MeTu2a, a Drosophila Visual Projection Neuron from optic-lobe:v1.0
OH_Wwg5oAkU,Pm10, a Drosophila Optic Lobe Intrinsic Neuron from optic-lobe:v1.0
Nh9_r-tTpq8,Pm11, a Drosophila Optic Lobe Intrinsic Neuron from optic-lobe:v1.0
zfW1tb9trFs,MeTu4a, a Drosophila Visual Projection Neuron from optic-lobe:v1.0 (short)
tjHDB75bc8g,MeVC4a, a Drosophila Visual Centrifugal Neuron from optic-lobe:v1.0
lPBn7BG2nNE,MeTu4c, a Drosophila Visual Projection Neuron from optic-lobe:v1.0 (short)
_L0JhfFmXWE,MeTu4b, a Drosophila Visual Projection Neuron from optic-lobe:v1.0 (short)
W5Atg_vF0ug,MeTu4f, a Drosophila Visual Projection Neuron from optic-lobe:v1.0 (short)
VDj0QqXjGIM,MeTu4e, a Drosophila Visual Projection Neuron from optic-lobe:v1.0 (short)
HxhA_GS169k,MeVC3, a Drosophila Visual Centrifugal Neuron from optic-lobe:v1.0
Fs1HnimeU0E,MeTu4d, a Drosophila Visual Projection Neuron from optic-lobe:v1.0 (short)
2rcsK-_f97Y,MeVC1, a Drosophila Visual Centrifugal Neuron from optic-lobe:v1.0
1DRUJODyWlU,MeVC2, a Drosophila Visual Centrifugal Neuron from optic-lobe:v1.0
xFDjEKk0_8s,MeVC7a, a Drosophila Visual Centrifugal Neuron from optic-lobe:v1.0 (short)
to5syWq7p3g,MeVC5, a Drosophila Visual Centrifugal Neuron from optic-lobe:v1.0 (short)
rqvFgJIYCks,MeVC9, a Drosophila Visual Centrifugal Neuron from optic-lobe:v1.0 (short)
rUMteopFxhU,MeVC6, a Drosophila Visual Centrifugal Neuron from optic-lobe:v1.0 (short)
rT2m5ZKoI0E,MeVC7b, a Drosophila Visual Centrifugal Neuron from optic-lobe:v1.0 (short)
Yt7gJKgTeDs,MeVC4b, a Drosophila Visual Centrifugal Neuron from optic-lobe:v1.0 (short)
RQq1p8SVjXA,MeVC10, a Drosophila Visual Centrifugal Neuron from optic-lobe:v1.0 (short)
LEJL9ao9TZg,MeVC8, a Drosophila Visual Centrifugal Neuron from optic-lobe:v1.0 (short)
AEBbIirLC_I,MeVC11, a Drosophila Visual Centrifugal Neuron from optic-lobe:v1.0
7LP0pNeRwGE,MeVCMe1, a Drosophila Visual Centrifugal Neuron from optic-lobe:v1.0 (short)
yy6LSCeRnlQ,MeVC27, a Drosophila Visual Centrifugal Neuron from optic-lobe:v1.0 (short)
vrMq1woqH10,MeVC23, a Drosophila Visual Centrifugal Neuron from optic-lobe:v1.0 (short)
vNIHl-X209E,MeVC24, a Drosophila Visual Centrifugal Neuron from optic-lobe:v1.0 (short)
qHPgEiiAQw4,MeVC12, a Drosophila Visual Centrifugal Neuron from optic-lobe:v1.0 (short)
jkA9s77gZHQ,MeVC26, a Drosophila Visual Centrifugal Neuron from optic-lobe:v1.0 (short)
hBLu2yBsbx8,MeVC21, a Drosophila Visual Centrifugal Neuron from optic-lobe:v1.0
VDnINNzOEHw,MeVC20, a Drosophila Visual Centrifugal Neuron from optic-lobe:v1.0
FZ2n56ALhcA,MeVP1, a Drosophila Visual Projection Neuron from optic-lobe:v1.0
3Ol9TB4cAzc,MeVC22, a Drosophila Visual Centrifugal Neuron from optic-lobe:v1.0 (short)
1kaL_wbqrrs,MeVC25, a Drosophila Visual Centrifugal Neuron from optic-lobe:v1.0 (short)
wpgLbkpIPq4,MeVP8, a Drosophila Visual Projection Neuron from optic-lobe:v1.0
p3OokUsyt70,MeVP11, a Drosophila Visual Projection Neuron from optic-lobe:v1.0
m_zAPEQZVfo,MeVP6, a Drosophila Visual Projection Neuron from optic-lobe:v1.0
cP9ro5lhc_w,MeVP4, a Drosophila Visual Projection Neuron from optic-lobe:v1.0
Uh0QUb1yNEs,MeVP3, a Drosophila Visual Projection Neuron from optic-lobe:v1.0
N7oXtCc7QjQ,MeVP9, a Drosophila Visual Projection Neuron from optic-lobe:v1.0 (short)
MYTo05N2isM,MeVP10, a Drosophila Visual Projection Neuron from optic-lobe:v1.0
H4EFKeOrPg0,MeVP2, a Drosophila Visual Projection Neuron from optic-lobe:v1.0
EB19r0TUYJ4,MeVP5, a Drosophila Visual Projection Neuron from optic-lobe:v1.0
7LkRAanpX6I,MeVP7, a Drosophila Visual Projection Neuron from optic-lobe:v1.0
q_n6ABc3Slo,MeVP21, a Drosophila Visual Projection Neuron from optic-lobe:v1.0 (short)
eWK9JELrKrU,MeVP22, a Drosophila Visual Projection Neuron from optic-lobe:v1.0
aBUMbcndTQA,MeVP20, a Drosophila Visual Projection Neuron from optic-lobe:v1.0
VFMpIQAp7jg,MeVP15, a Drosophila Visual Projection Neuron from optic-lobe:v1.0 (short)
UH8IFEqcOBo,MeVP18, a Drosophila Visual Projection Neuron from optic-lobe:v1.0 (short)
GStJjptEVvI,MeVP17, a Drosophila Visual Projection Neuron from optic-lobe:v1.0 (short)
EICJ0PxnhOk,MeVP23, a Drosophila Visual Projection Neuron from optic-lobe:v1.0
DEGyLZRfOw8,MeVP14, a Drosophila Visual Projection Neuron from optic-lobe:v1.0 (short)
AkHxV2mR3XE,MeVP16, a Drosophila Visual Projection Neuron from optic-lobe:v1.0
2VKutGPl9cE,MeVP12, a Drosophila Visual Projection Neuron from optic-lobe:v1.0
zCIbVjYrwIA,MeVP26, a Drosophila Visual Projection Neuron from optic-lobe:v1.0
rrZ__pc4Lx0,MeVP32, a Drosophila Visual Projection Neuron from optic-lobe:v1.0 (short)
d8M_7YYkNfo,MeVP27, a Drosophila Visual Projection Neuron from optic-lobe:v1.0 (short)
bVlT-renlFw,MeVP24, a Drosophila Visual Projection Neuron from optic-lobe:v1.0 (short)
RwrgUQJa3ms,MeVP28, a Drosophila Visual Projection Neuron from optic-lobe:v1.0
Pepx8NmGwTE,MeVP29, a Drosophila Visual Projection Neuron from optic-lobe:v1.0
O6yPbj4HhXE,MeVP33, a Drosophila Visual Projection Neuron from optic-lobe:v1.0 (short)
Mxah7ndoJt8,MeVP31, a Drosophila Visual Projection Neuron from optic-lobe:v1.0 (short)
JObl8B6WqZk,MeVP25, a Drosophila Visual Projection Neuron from optic-lobe:v1.0 (short)
-0zpKdlI4fo,MeVP30, a Drosophila Visual Projection Neuron from optic-lobe:v1.0 (short)
sGidUSqhXrI,MeVP34, a Drosophila Visual Projection Neuron from optic-lobe:v1.0 (short)
lhNodAxgyoY,MeVP39, a Drosophila Visual Projection Neuron from optic-lobe:v1.0 (short)
jygHi4dqKS0,MeVP45, a Drosophila Visual Projection Neuron from optic-lobe:v1.0 (short)
ayYJZGhLQ4M,MeVP41, a Drosophila Visual Projection Neuron from optic-lobe:v1.0 (short)
Y95EPySxGvs,MeVP42, a Drosophila Visual Projection Neuron from optic-lobe:v1.0 (short)
M84rafIdD2s,MeVP38, a Drosophila Visual Projection Neuron from optic-lobe:v1.0 (short)
IKlBH2_wFLU,MeVP43, a Drosophila Visual Projection Neuron from optic-lobe:v1.0 (short)
DjkEOB30MCQ,MeVP36, a Drosophila Visual Projection Neuron from optic-lobe:v1.0 (short)
aI4v99xTnXA,MeVP40, a Drosophila Visual Projection Neuron from optic-lobe:v1.0 (short)
ChLgliDPAAI,MeVP35, a Drosophila Visual Projection Neuron from optic-lobe:v1.0 (short)
wvV1caKUqs4,MeVP50, a Drosophila Visual Projection Neuron from optic-lobe:v1.0 (short)
v7JJ3tqwSS0,MeVP55, a Drosophila Visual Projection Neuron from optic-lobe:v1.0
bcQv5DsaDu4,MeVP51, a Drosophila Visual Projection Neuron from optic-lobe:v1.0
ahgp_4IL3nM,MeVP47, a Drosophila Visual Projection Neuron from optic-lobe:v1.0
YaKQT31HdFo,MeVP46, a Drosophila Visual Projection Neuron from optic-lobe:v1.0 (short)
Y2CiLiRwZ7c,MeVP52, a Drosophila Visual Projection Neuron from optic-lobe:v1.0
JYCQgQXa9Cc,MeVP54, a Drosophila Visual Projection Neuron from optic-lobe:v1.0
JQMWkAaAfRw,MeVP53, a Drosophila Visual Projection Neuron from optic-lobe:v1.0
FYvas9xwYrc,MeVP48, a Drosophila Visual Projection Neuron from optic-lobe:v1.0 (short)
EEL4zT3SCvw,MeVP49, a Drosophila Visual Projection Neuron from optic-lobe:v1.0 (short)
jCLY7XRkPAM,MeVPaMe1, a Drosophila Visual Projection Neuron from optic-lobe:v1.0
ZWx6_tQsF4s,MeVP64, a Drosophila Visual Projection Neuron from optic-lobe:v1.0
BVXWDLIAAoM,MeVP56, a Drosophila Visual Projection Neuron from optic-lobe:v1.0 (short)
yTzwOeFAWvM,MeVP62, a Drosophila Visual Projection Neuron from optic-lobe:v1.0 (short)
oE68W7G52Kg,MeVP63, a Drosophila Visual Projection Neuron from optic-lobe:v1.0 (short)
n9cx_HLYOf4,MeVP60, a Drosophila Visual Projection Neuron from optic-lobe:v1.0 (short)
aSt2iJiwN1w,MeVP57, a Drosophila Visual Projection Neuron from optic-lobe:v1.0 (short)
LayBJ7p8buY,MeVP58, a Drosophila Visual Projection Neuron from optic-lobe:v1.0
5IqLfqFqBpw,MeVP61, a Drosophila Visual Projection Neuron from optic-lobe:v1.0 (short)
-xMyZqgh5Rs,MeVP59, a Drosophila Visual Projection Neuron from optic-lobe:v1.0 (short)
zgd78FqoR8s,MeVPLo1, a Drosophila Visual Projection Neuron from optic-lobe:v1.0
xPJuybg9W58,MeVPLp1, a Drosophila Visual Projection Neuron from optic-lobe:v1.0
oPA6xJnGahA,MeVPMe3, a Drosophila Visual Projection Neuron from optic-lobe:v1.0 (short)
lczQbh3kgEE,MeVPLo2, a Drosophila Visual Projection Neuron from optic-lobe:v1.0 (short)
NTDvjhEA-uE,MeVPaMe2, a Drosophila Visual Projection Neuron from optic-lobe:v1.0
DeSrydy0srs,MeVPMe4, a Drosophila Visual Projection Neuron from optic-lobe:v1.0 (short)
D2q-ngDyaIg,MeVPMe1, a Drosophila Visual Projection Neuron from optic-lobe:v1.0
85wgUCHSWHg,MeVPMe2, a Drosophila Visual Projection Neuron from optic-lobe:v1.0 (short)
6qbVqEEnp7M,MeVPMe5, a Drosophila Visual Projection Neuron from optic-lobe:v1.0 (short)
-QnSjoI1YZY,MeVPLp2, a Drosophila Visual Projection Neuron from optic-lobe:v1.0 (short)
w5TVnbP07-s,MeVPMe8, a Drosophila Visual Projection Neuron from optic-lobe:v1.0 (short)
pZoI5hCkqHU,MeVPMe12, a Drosophila Visual Projection Neuron from optic-lobe:v1.0
kds4I1JBhYE,Mi1, a Drosophila Optic Lobe Intrinsic Neuron from optic-lobe:v1.0 (short)
c4LycyIfB5E,MeVPMe11, a Drosophila Visual Projection Neuron from optic-lobe:v1.0
YxDOJIOtP78,MeVPMe7, a Drosophila Visual Projection Neuron from optic-lobe:v1.0 (short)
YiNdc5saxAY,MeVPMe6, a Drosophila Visual Projection Neuron from optic-lobe:v1.0 (short)
VOpYN4MwKFY,MeVPOL1, a Drosophila Visual Projection Neuron from optic-lobe:v1.0
U53S5otcmlg,MeVPMe13, a Drosophila Visual Projection Neuron from optic-lobe:v1.0
9ntssUTATuM,MeVPMe9, a Drosophila Visual Projection Neuron from optic-lobe:v1.0 (short)
9Kv62RlVFBE,MeVPMe10, a Drosophila Visual Projection Neuron from optic-lobe:v1.0 (short)
zCi_YWqbKgs,Mi18, a Drosophila Optic Lobe Intrinsic Neuron from optic-lobe:v1.0 (short)
xgyM_TdYE_Y,Mi14, a Drosophila Optic Lobe Intrinsic Neuron from optic-lobe:v1.0
rJsrki_HcQI,Mi15, a Drosophila Optic Lobe Intrinsic Neuron from optic-lobe:v1.0
mdm-v2FKWvY,Mi9, a Drosophila Optic Lobe Intrinsic Neuron from optic-lobe:v1.0
jtYKcJJJVuk,Mi2, a Drosophila Optic Lobe Intrinsic Neuron from optic-lobe:v1.0
c9-Xk3Wbe4A,Mi10, a Drosophila Optic Lobe Intrinsic Neuron from optic-lobe:v1.0
Q4_XIoOHeFo,Mi17, a Drosophila Optic Lobe Intrinsic Neuron from optic-lobe:v1.0
LNYYRX-I8q8,Mi13, a Drosophila Optic Lobe Intrinsic Neuron from optic-lobe:v1.0
2xSWdJPxcGk,Mi4, a Drosophila Optic Lobe Intrinsic Neuron from optic-lobe:v1.0 (short)
2fQa4WZSAgg,Mi16, a Drosophila Optic Lobe Intrinsic Neuron from optic-lobe:v1.0
yyQz58gxkpc,OA-AL2i3, a Drosophila Visual Centrifugal Neuron from optic-lobe:v1.0
gkz8NbfmbEw,Nod5, a Drosophila Visual Projection Neuron from optic-lobe:v1.0 (short)
fWp_lMjYJl4,Nod1, a Drosophila Visual Projection Neuron from optic-lobe:v1.0 (short)
aJTKe5cNvow,Nod3, a Drosophila Visual Projection Neuron from optic-lobe:v1.0 (short)
MVQglGTe7ck,Mi20, a Drosophila Optic Lobe Intrinsic Neuron from optic-lobe:v1.0
HvAELNqAJYA,OA-AL2i1, a Drosophila Visual Centrifugal Neuron from optic-lobe:v1.0 (short)
EG0uvl1kpXc,Nod4, a Drosophila Visual Projection Neuron from optic-lobe:v1.0 (short)
CbeqKFPXYqM,Nod2, a Drosophila Visual Projection Neuron from optic-lobe:v1.0 (short)
3t7T84cbceg,OA-AL2i2, a Drosophila Visual Centrifugal Neuron from optic-lobe:v1.0 (short)
0fBYMSYABA0,Mi19, a Drosophila Optic Lobe Intrinsic Neuron from optic-lobe:v1.0
oWVrMCoziEw,LoVP68, a Drosophila Visual Projection Neuron from optic-lobe:v1.0 (short)
fQ-97N0psuA,LoVP71, a Drosophila Visual Projection Neuron from optic-lobe:v1.0 (short)
beXssZ2c8tk,OA-AL2i4, a Drosophila Visual Centrifugal Neuron from optic-lobe:v1.0
X3OxIZtBZno,LoVP66, a Drosophila Visual Projection Neuron from optic-lobe:v1.0 (short)
Li80mrYf2Ro,OLVC1, a Drosophila Visual Centrifugal Neuron from optic-lobe:v1.0 (short)
H5TA5Ewt0c4,LoVP67, a Drosophila Visual Projection Neuron from optic-lobe:v1.0 (short)
GoGv-FftIUg,LoVP65, a Drosophila Visual Projection Neuron from optic-lobe:v1.0 (short)
7hRDAYIndZI,OLVC3, a Drosophila Visual Centrifugal Neuron from optic-lobe:v1.0 (short)
5tJy2mousWA,OA-ASM1, a Drosophila Visual Centrifugal Neuron from optic-lobe:v1.0 (short)
3gAlxqDU5Jc,OLVC2, a Drosophila Visual Centrifugal Neuron from optic-lobe:v1.0 (short)
Ow2o9Eili1g,LoVP72, a Drosophila Visual Projection Neuron from optic-lobe:v1.0
HveS086etXY,LoVP78, a Drosophila Visual Projection Neuron from optic-lobe:v1.0 (short)
Di1p2GvnXi4,LoVP77, a Drosophila Visual Projection Neuron from optic-lobe:v1.0
r2kNEU5YCN0,LoVP74, a Drosophila Visual Projection Neuron from optic-lobe:v1.0 (short)
hIAZmqKFC3w,LoVP69, a Drosophila Visual Projection Neuron from optic-lobe:v1.0 (short)
eM-mARJrmiU,LoVP76, a Drosophila Visual Projection Neuron from optic-lobe:v1.0 (short)
TybDQkOA958,LoVP73, a Drosophila Visual Projection Neuron from optic-lobe:v1.0 (short)
KrUYWG5rB4M,LoVP75, a Drosophila Visual Projection Neuron from optic-lobe:v1.0
EtYmCuu81DM,LoVP79, a Drosophila Visual Projection Neuron from optic-lobe:v1.0 (short)
oKfGYm6xhrY,LoVP87, a Drosophila Visual Projection Neuron from optic-lobe:v1.0 (short)
24R8sYvAXd0,LoVP82, a Drosophila Visual Projection Neuron from optic-lobe:v1.0
wSAAUS9nazs,LoVP81, a Drosophila Visual Projection Neuron from optic-lobe:v1.0
bQatedxjD0A,LoVP88, a Drosophila Visual Projection Neuron from optic-lobe:v1.0 (short)
TgRg902yAWo,LoVP89, a Drosophila Visual Projection Neuron from optic-lobe:v1.0 (short)
TcslBwPYOBs,LoVP86, a Drosophila Visual Projection Neuron from optic-lobe:v1.0 (short)
D_13e3mHvMI,LoVP83, a Drosophila Visual Projection Neuron from optic-lobe:v1.0 (short)
5gCMTtegoxY,LoVP85, a Drosophila Visual Projection Neuron from optic-lobe:v1.0 (short)
0rDt3XBbXQM,LoVP80, a Drosophila Visual Projection Neuron from optic-lobe:v1.0
wkwfWd2RjSI,LoVP95, a Drosophila Visual Projection Neuron from optic-lobe:v1.0 (short)
h7Jx2J42Rj8,LoVP99, a Drosophila Visual Projection Neuron from optic-lobe:v1.0 (short)
YSx2DVjrigY,LoVP91, a Drosophila Visual Projection Neuron from optic-lobe:v1.0 (short)
XgS6V_-LL3A,LoVP93, a Drosophila Visual Projection Neuron from optic-lobe:v1.0
NNpXd0XzABY,LoVP92, a Drosophila Visual Projection Neuron from optic-lobe:v1.0
Dlzh8m_rDgY,LoVP98, a Drosophila Visual Projection Neuron from optic-lobe:v1.0
9uEnN0t8C0Y,LoVP97, a Drosophila Visual Projection Neuron from optic-lobe:v1.0 (short)
856RW9W4E5c,LoVP96, a Drosophila Visual Projection Neuron from optic-lobe:v1.0 (short)
5WFE-1ConxY,LoVP94, a Drosophila Visual Projection Neuron from optic-lobe:v1.0
acR4X5n5dNo,LPC1, a Drosophila Visual Projection Neuron from optic-lobe:v1.0
ZaR2uwC6oKA,LoVP102, a Drosophila Visual Projection Neuron from optic-lobe:v1.0
SKO9dBsZONU,LoVP106, a Drosophila Visual Projection Neuron from optic-lobe:v1.0 (short)
kYJ9UGcnOnE,LoVP105, a Drosophila Visual Projection Neuron from optic-lobe:v1.0 (short)
aoyMz7ynzJo,LoVP107, a Drosophila Visual Projection Neuron from optic-lobe:v1.0 (short)
EyZr6VUPVC4,LoVP101, a Drosophila Visual Projection Neuron from optic-lobe:v1.0
A5ivA3Yn7ac,LoVP108, a Drosophila Visual Projection Neuron from optic-lobe:v1.0
131r9tJyZWU,LoVP100, a Drosophila Visual Projection Neuron from optic-lobe:v1.0 (short)
ncoB89Dzws0,LPi3a, a Drosophila Optic Lobe Intrinsic Neuron from optic-lobe:v1.0
mIV4ydWABCU,LPi2d, a Drosophila Optic Lobe Intrinsic Neuron from optic-lobe:v1.0 (short)
lPJ5uvQVy14,LPi3b, a Drosophila Optic Lobe Intrinsic Neuron from optic-lobe:v1.0 (short)
gUIhIpkLEss,LPi4a, a Drosophila Optic Lobe Intrinsic Neuron from optic-lobe:v1.0 (short)
c7IzSaoJ-3Q,LPi4b, a Drosophila Optic Lobe Intrinsic Neuron from optic-lobe:v1.0 (short)
Ovihp505yUU,LPi2b, a Drosophila Optic Lobe Intrinsic Neuron from optic-lobe:v1.0 (short)
Ec646jJDh7I,LPC2, a Drosophila Visual Projection Neuron from optic-lobe:v1.0
7bqk9hYpeeQ,LPi12, a Drosophila Optic Lobe Intrinsic Neuron from optic-lobe:v1.0 (short)
08vn3hxmIBA,LPi2c, a Drosophila Optic Lobe Intrinsic Neuron from optic-lobe:v1.0 (short)
--HhiGZi7Eg,LPi3c, a Drosophila Optic Lobe Intrinsic Neuron from optic-lobe:v1.0 (short)
nMWIFt6N46c,LPLC1, a Drosophila Visual Projection Neuron from optic-lobe:v1.0 (short)
XNg9uhcz3Lk,LPi3412, a Drosophila Optic Lobe Intrinsic Neuron from optic-lobe:v1.0
V5h2L-kQUaw,LPLC4, a Drosophila Visual Projection Neuron from optic-lobe:v1.0 (short)
B8aKi_jTnDY,LPT23, a Drosophila Visual Projection Neuron from optic-lobe:v1.0
B-WRfcd-X7o,LPi14, a Drosophila Optic Lobe Intrinsic Neuron from optic-lobe:v1.0 (short)
3_KHha6Qh3Y,LPi21, a Drosophila Optic Lobe Intrinsic Neuron from optic-lobe:v1.0 (short)
1sf9d293oxs,LPT21, a Drosophila Visual Projection Neuron from optic-lobe:v1.0 (short)
yH7-E4TQ65I,LPLC2, a Drosophila Visual Projection Neuron from optic-lobe:v1.0 (short)
xrjDre6Tvyo,LPi43, a Drosophila Optic Lobe Intrinsic Neuron from optic-lobe:v1.0
hGD6P6HHc6g,LPi34, a Drosophila Optic Lobe Intrinsic Neuron from optic-lobe:v1.0
nwySRSBqfe0,LPT28, a Drosophila Visual Projection Neuron from optic-lobe:v1.0
VsXBVvTJiJ0,LPT30, a Drosophila Visual Projection Neuron from optic-lobe:v1.0 (short)
R1JT8RqKOzI,LPT51, a Drosophila Visual Projection Neuron from optic-lobe:v1.0 (short)
PI0iGd6wI8Q,LPT52, a Drosophila Visual Projection Neuron from optic-lobe:v1.0
IWeEtgiqi2I,LPT27, a Drosophila Visual Projection Neuron from optic-lobe:v1.0
B2YMmiRjC8E,LPT31, a Drosophila Visual Projection Neuron from optic-lobe:v1.0 (short)
9FtmYiNwxIk,LPT50, a Drosophila Visual Projection Neuron from optic-lobe:v1.0
4Dj1fvstl2Q,LPT29, a Drosophila Visual Projection Neuron from optic-lobe:v1.0 (short)
fLkdR34-RBM,LPT26, a Drosophila Visual Projection Neuron from optic-lobe:v1.0
0_5R2CmuE9Y,LPT49, a Drosophila Visual Projection Neuron from optic-lobe:v1.0
wIp4onZfdmc,LPT101, a Drosophila Visual Projection Neuron from optic-lobe:v1.0 (short)
rrnffNoHhGY,LPT111, a Drosophila Visual Centrifugal Neuron from optic-lobe:v1.0 (short)
hOjR1798anU,LPT110, a Drosophila Visual Centrifugal Neuron from optic-lobe:v1.0 (short)
SFK_r5Aq0y4,LPT53, a Drosophila Visual Centrifugal Neuron from optic-lobe:v1.0 (short)
KDIo3vfUjcU,LPT57, a Drosophila Visual Centrifugal Neuron from optic-lobe:v1.0 (short)
D_1iWpj5nGo,LPT60, a Drosophila Visual Centrifugal Neuron from optic-lobe:v1.0
CP4-LmQI7fE,LPT59, a Drosophila Visual Centrifugal Neuron from optic-lobe:v1.0 (short)
6Lr2m9VEQ3M,LPT100, a Drosophila Visual Projection Neuron from optic-lobe:v1.0
5u4mOtnYKV4,LPT54, a Drosophila Visual Projection Neuron from optic-lobe:v1.0 (short)
zbyryH1Il0s,LPT116, a Drosophila Visual Centrifugal Neuron from optic-lobe:v1.0 (short)
nlmJ-NJ2dok,LT1c, a Drosophila Visual Projection Neuron from optic-lobe:v1.0
lTogtGtwviE,LPT113, a Drosophila Visual Centrifugal Neuron from optic-lobe:v1.0 (short)
_JWHIZ83KRg,LT11, a Drosophila Visual Projection Neuron from optic-lobe:v1.0
Q1Be4o2mpPA,LPT112, a Drosophila Visual Centrifugal Neuron from optic-lobe:v1.0 (short)
MUhx1eoNGyU,LPT114, a Drosophila Visual Centrifugal Neuron from optic-lobe:v1.0 (short)
DksBhX3J4GQ,LT1a, a Drosophila Visual Projection Neuron from optic-lobe:v1.0
DKkLK6Mlg2Q,LT1d, a Drosophila Visual Projection Neuron from optic-lobe:v1.0
3_5OHCvCt34,LPT115, a Drosophila Visual Centrifugal Neuron from optic-lobe:v1.0 (short)
0t4VmpIaYsg,LT1b, a Drosophila Visual Projection Neuron from optic-lobe:v1.0
n1ed89B0Nms,LT40, a Drosophila Visual Centrifugal Neuron from optic-lobe:v1.0 (short)
kLeIfo4Y9k0,LT39, a Drosophila Visual Centrifugal Neuron from optic-lobe:v1.0
_EyatwUA1Ls,PS272, a Drosophila visual system neuron from optic-lobe:v1.0 (short)
LpWkozlCBhY,LT33, a Drosophila Optic Lobe Intrinsic Neuron from optic-lobe:v1.0 (short)
JWrsJwMADIs,LT41, a Drosophila Visual Centrifugal Neuron from optic-lobe:v1.0 (short)
J1Goukfzp44,LT35, a Drosophila Visual Centrifugal Neuron from optic-lobe:v1.0
EV2zfqz3nQg,LT37, a Drosophila Visual Centrifugal Neuron from optic-lobe:v1.0 (short)
C-8UPvdrOZE,LT36, a Drosophila Visual Centrifugal Neuron from optic-lobe:v1.0
2CM1Zakggj4,LT34, a Drosophila Visual Centrifugal Neuron from optic-lobe:v1.0 (short)
dY8ZechBy1Q,R8y, a Drosophila Optic Lobe Intrinsic Neuron from optic-lobe:v1.0
zbD-yCINx_I,R7d, a Drosophila Optic Lobe Intrinsic Neuron from optic-lobe:v1.0
w1BcamBdq2o,R1-R6, a Drosophila Optic Lobe Intrinsic Neuron from optic-lobe:v1.0
hfH1SoWIgMs,SLP249, a Drosophila Visual Projection Neuron from optic-lobe:v1.0 (short)
TRdWE0T0CjA,s-LNv, a Drosophila Visual Projection Neuron from optic-lobe:v1.0 (short)
O5KIB6BUVgw,R7y, a Drosophila Optic Lobe Intrinsic Neuron from optic-lobe:v1.0
MfSysxhz9Hc,SLP250, a Drosophila Visual Projection Neuron from optic-lobe:v1.0 (short)
I-xOUIuU20Y,R8d, a Drosophila Optic Lobe Intrinsic Neuron from optic-lobe:v1.0
KSv3kJ_bnBU,T2, a Drosophila Optic Lobe Connecting Neuron from optic-lobe:v1.0 (short)
DKpn1E4z-sY,T4b, a Drosophila Optic Lobe Connecting Neuron from optic-lobe:v1.0 (short)
AJab55TG43c,SLP359, a Drosophila visual system neuron from optic-lobe:v1.0 (short)
9G_S0Uo2Sg8,T4c, a Drosophila Optic Lobe Connecting Neuron from optic-lobe:v1.0 (short)
-rYYXTuvlAY,T3, a Drosophila Optic Lobe Connecting Neuron from optic-lobe:v1.0 (short)
uyDB6mQb32E,T4a, a Drosophila Optic Lobe Connecting Neuron from optic-lobe:v1.0 (short)
G740ESrEwHw,SMP217, a Drosophila Visual Projection Neuron from optic-lobe:v1.0 (short)
8yLIes1FI5w,SMP528, a Drosophila visual system neuron from optic-lobe:v1.0 (short)
7aw3DtHLwpw,SMP200, a Drosophila visual system neuron from optic-lobe:v1.0 (short)
4oEKGx2UcyU,T2a, a Drosophila Optic Lobe Connecting Neuron from optic-lobe:v1.0 (short)
zzAkwURUFRM,T5d, a Drosophila Optic Lobe Connecting Neuron from optic-lobe:v1.0 (short)
s1uhbQ3dGg4,T5b, a Drosophila Optic Lobe Connecting Neuron from optic-lobe:v1.0 (short)
q2BBsfHqubc,T4d, a Drosophila Optic Lobe Connecting Neuron from optic-lobe:v1.0 (short)
nXZd7dYscgU,Tlp12, a Drosophila Optic Lobe Connecting Neuron from optic-lobe:v1.0 (short)
_ygt1tQXnU0,Tlp14, a Drosophila Optic Lobe Connecting Neuron from optic-lobe:v1.0 (short)
XaIAeaPLT2M,T5c, a Drosophila Optic Lobe Connecting Neuron from optic-lobe:v1.0 (short)
LUoaXFY9O10,Tlp11, a Drosophila Optic Lobe Connecting Neuron from optic-lobe:v1.0 (short)
GQfKPAqRgLU,T5a, a Drosophila Optic Lobe Connecting Neuron from optic-lobe:v1.0 (short)
Ap4X1UWcvsc,Tlp13, a Drosophila Optic Lobe Connecting Neuron from optic-lobe:v1.0 (short)
84zy5NAn2cU,Tm1, a Drosophila Optic Lobe Connecting Neuron from optic-lobe:v1.0
zJEjgtghrFY,Tm12, a Drosophila Optic Lobe Connecting Neuron from optic-lobe:v1.0 (short)
dfSYD1XGuz0,Tm9, a Drosophila Optic Lobe Connecting Neuron from optic-lobe:v1.0 (short)
cCIgzkez6a8,Tm5c, a Drosophila Optic Lobe Connecting Neuron from optic-lobe:v1.0 (short)
a22S1_99Xdc,Tm2, a Drosophila Optic Lobe Connecting Neuron from optic-lobe:v1.0 (short)
LARxqF8-Z7U,Tm3, a Drosophila Optic Lobe Connecting Neuron from optic-lobe:v1.0
KkFfSDaBQnM,Tm5Y, a Drosophila Optic Lobe Connecting Neuron from optic-lobe:v1.0 (short)
5qpcX2FdWVc,Tm4, a Drosophila Optic Lobe Connecting Neuron from optic-lobe:v1.0 (short)
2Ift9vV_g2Q,Tm5a, a Drosophila Optic Lobe Connecting Neuron from optic-lobe:v1.0 (short)
1K3eeDvqiSM,Tm5b, a Drosophila Optic Lobe Connecting Neuron from optic-lobe:v1.0 (short)
0DGZUwpgXT8,Tm6, a Drosophila Optic Lobe Connecting Neuron from optic-lobe:v1.0 (short)
zuqjRup1fyA,Tm30, a Drosophila Optic Lobe Connecting Neuron from optic-lobe:v1.0 (short)
zjZQ9oZ8Jfc,LC21, a Drosophila Visual Projection Neuron from optic-lobe:v1.0
wzXa8NCqvto,Tm29, a Drosophila Optic Lobe Connecting Neuron from optic-lobe:v1.0 (short)
n14xcxmWlpw,Tm24, a Drosophila Optic Lobe Intrinsic Neuron from optic-lobe:v1.0 (short)
iYe0mOVPGmE,Tm20, a Drosophila Optic Lobe Connecting Neuron from optic-lobe:v1.0 (short)
byPiDi-XLss,Tm23, a Drosophila Optic Lobe Intrinsic Neuron from optic-lobe:v1.0 (short)
MiyqTV2e9Ms,Tm26, a Drosophila Optic Lobe Connecting Neuron from optic-lobe:v1.0 (short)
IywKGgO9SCw,LC22, a Drosophila Visual Projection Neuron from optic-lobe:v1.0
6-NydBKq-ec,LC23, a Drosophila Visual Projection Neuron from optic-lobe:v1.0
23yjZ5mA34Y,Tm16, a Drosophila Optic Lobe Connecting Neuron from optic-lobe:v1.0 (short)
z8KyyXgMX3k,LC30, a Drosophila Visual Projection Neuron from optic-lobe:v1.0
ubm1yp6agcQ,LC27, a Drosophila Visual Projection Neuron from optic-lobe:v1.0
si9DEx52z6I,LC28, a Drosophila Visual Projection Neuron from optic-lobe:v1.0
sF-YB-jLHhk,LC25, a Drosophila Visual Projection Neuron from optic-lobe:v1.0
dwLzjT2VyIo,LC31b, a Drosophila Visual Projection Neuron from optic-lobe:v1.0 (short)
bxtrBKIBQBM,LC31a, a Drosophila Visual Projection Neuron from optic-lobe:v1.0
YGkVz6l220w,LC33, a Drosophila Visual Projection Neuron from optic-lobe:v1.0 (short)
GfiBljMTv50,LC29, a Drosophila Visual Projection Neuron from optic-lobe:v1.0
AMWJm8eAWy4,LC24, a Drosophila Visual Projection Neuron from optic-lobe:v1.0
AC48I_QbZaA,LC26, a Drosophila Visual Projection Neuron from optic-lobe:v1.0
tg-z2XWXO5A,LC37, a Drosophila Visual Projection Neuron from optic-lobe:v1.0
snlN-tcQwFM,LC36, a Drosophila Visual Projection Neuron from optic-lobe:v1.0
cMW3i4Ma85Q,LC41, a Drosophila Visual Projection Neuron from optic-lobe:v1.0
Q8DXq1X7HYg,LC46b, a Drosophila Visual Projection Neuron from optic-lobe:v1.0
MBZimSQMQdU,LC34, a Drosophila Visual Projection Neuron from optic-lobe:v1.0 (short)
DSQUPi6MLRQ,LC43, a Drosophila Visual Projection Neuron from optic-lobe:v1.0 (short)
8AYcs2jvMdg,Li18b, a Drosophila Optic Lobe Intrinsic Neuron from optic-lobe:v1.0
2vjCPcVFoyE,LC44, a Drosophila Visual Projection Neuron from optic-lobe:v1.0
1rK7v30teys,LC40, a Drosophila Visual Projection Neuron from optic-lobe:v1.0
zVnVHNdq9Ro,OLVC5, a Drosophila Visual Centrifugal Neuron from optic-lobe:v1.0 (short)
fDlyrYD8rHg,Li13, a Drosophila Optic Lobe Intrinsic Neuron from optic-lobe:v1.0
ZAHyki-0-v4,Li17, a Drosophila Optic Lobe Intrinsic Neuron from optic-lobe:v1.0 (short)
YOITpyfJ8qg,Li12, a Drosophila Optic Lobe Intrinsic Neuron from optic-lobe:v1.0
X4Pate54Fcc,Li18a, a Drosophila Optic Lobe Intrinsic Neuron from optic-lobe:v1.0 (short)
WIWN9CrIcNU,Li14, a Drosophila Optic Lobe Intrinsic Neuron from optic-lobe:v1.0
SAuMshKmtqs,OLVC4, a Drosophila Visual Centrifugal Neuron from optic-lobe:v1.0 (short)
QNIlHhPERtQ,Li15, a Drosophila Optic Lobe Intrinsic Neuron from optic-lobe:v1.0 (short)
wG5lRbcduBU,PLP231, a Drosophila visual system neuron from optic-lobe:v1.0 (short)
uZ6kBDPbtIs,PLP211, a Drosophila visual system neuron from optic-lobe:v1.0 (short)
tiJsbkkrA-s,OLVC7, a Drosophila Visual Centrifugal Neuron from optic-lobe:v1.0 (short)
soyfLfjcsUA,OLVC6, a Drosophila Visual Centrifugal Neuron from optic-lobe:v1.0 (short)
nH_7ohDSUhg,PLP032, a Drosophila visual system neuron from optic-lobe:v1.0 (short)
d-iY0FwfE7o,PLP069, a Drosophila visual system neuron from optic-lobe:v1.0 (short)
8pR9HIhiAYA,PLP036, a Drosophila visual system neuron from optic-lobe:v1.0
3jxY7Gyevxg,PLP080, a Drosophila visual system neuron from optic-lobe:v1.0 (short)
zIM3wQDve88,MeLo4, a Drosophila Optic Lobe Connecting Neuron from optic-lobe:v1.0 (short)
yDWzM52j29I,MeLo5, a Drosophila Optic Lobe Connecting Neuron from optic-lobe:v1.0 (short)
oJ8m3q9_3W4,MeLo1, a Drosophila Optic Lobe Connecting Neuron from optic-lobe:v1.0 (short)
mQDJyIlyPVw,MeLo6, a Drosophila Optic Lobe Connecting Neuron from optic-lobe:v1.0 (short)
lcL4gfoupRA,MeLo9, a Drosophila Optic Lobe Connecting Neuron from optic-lobe:v1.0 (short)
YmDHWSVzFw4,MeLo3b, a Drosophila Optic Lobe Connecting Neuron from optic-lobe:v1.0 (short)
IrrbiFfgIlQ,MeLo8, a Drosophila Optic Lobe Connecting Neuron from optic-lobe:v1.0 (short)
BuTJfAp4ehc,MeLo7, a Drosophila Optic Lobe Connecting Neuron from optic-lobe:v1.0 (short)
8rMbvhVUsL0,MeLo2, a Drosophila Optic Lobe Connecting Neuron from optic-lobe:v1.0 (short)
-9AD43aukaU,MeLo3a, a Drosophila Optic Lobe Connecting Neuron from optic-lobe:v1.0 (short)
a16sMGZEISY,MeLo11, a Drosophila Optic Lobe Connecting Neuron from optic-lobe:v1.0 (short)
ZTyeBXVB3wo,MeLo13, a Drosophila Optic Lobe Connecting Neuron from optic-lobe:v1.0 (short)
VfbCMMIP2_0,MeLo14, a Drosophila Optic Lobe Connecting Neuron from optic-lobe:v1.0 (short)
RmXrAi13XUI,LoVC7, a Drosophila Visual Centrifugal Neuron from optic-lobe:v1.0
PT6YaoNnLhs,LoVC6, a Drosophila Visual Centrifugal Neuron from optic-lobe:v1.0 (short)
NcNKllk6h2c,LoVC9, a Drosophila Visual Centrifugal Neuron from optic-lobe:v1.0 (short)
La3WAm_GAF4,LLPC4, a Drosophila Visual Projection Neuron from optic-lobe:v1.0
4qRlv7V9_Zw,MeLo10, a Drosophila Optic Lobe Connecting Neuron from optic-lobe:v1.0 (short)
0X7b68T3Dzc,MeLo12, a Drosophila Optic Lobe Connecting Neuron from optic-lobe:v1.0 (short)
u7JKkifXeYs,LoVC12, a Drosophila Visual Centrifugal Neuron from optic-lobe:v1.0 (short)
FDIC96ZDbpY,LoVC13, a Drosophila Visual Centrifugal Neuron from optic-lobe:v1.0 (short)
CSWX8li4_aM,LoVC11, a Drosophila Visual Centrifugal Neuron from optic-lobe:v1.0 (short)
yRAXqfsRgqo,LoVC18, a Drosophila Visual Centrifugal Neuron from optic-lobe:v1.0
p_6rO9QOsLQ,LoVC15, a Drosophila Visual Centrifugal Neuron from optic-lobe:v1.0 (short)
I76-Lb2SZdI,LoVC19, a Drosophila Visual Centrifugal Neuron from optic-lobe:v1.0 (short)
GTmNyFD90Os,LoVC16, a Drosophila Visual Centrifugal Neuron from optic-lobe:v1.0
DyiJx8T1wDo,LoVC17, a Drosophila Visual Centrifugal Neuron from optic-lobe:v1.0 (short)
BvhPUXAZDSU,LoVC14, a Drosophila Visual Centrifugal Neuron from optic-lobe:v1.0 (short)
v8W7PO-CNWw,LoVC20, a Drosophila Visual Centrifugal Neuron from optic-lobe:v1.0 (short)
uzLrDjOJmww,LoVC25, a Drosophila Visual Centrifugal Neuron from optic-lobe:v1.0
ofynPH8ylOU,LoVC26, a Drosophila Visual Centrifugal Neuron from optic-lobe:v1.0 (short)
i-N14QbwkFo,LoVC28, a Drosophila Visual Centrifugal Neuron from optic-lobe:v1.0
TpHHqRd5jp8,LoVC29, a Drosophila Visual Centrifugal Neuron from optic-lobe:v1.0
NiQb_FZb7SQ,LoVC24, a Drosophila Visual Centrifugal Neuron from optic-lobe:v1.0 (short)
NNqKrQwnMzY,LoVC22, a Drosophila Visual Centrifugal Neuron from optic-lobe:v1.0 (short)
IqpFqJvn3RU,LoVC27, a Drosophila Visual Centrifugal Neuron from optic-lobe:v1.0
BNzGiZj3FCU,LoVC21, a Drosophila Visual Centrifugal Neuron from optic-lobe:v1.0 (short)
2awGd_srgxQ,LoVC23, a Drosophila Visual Centrifugal Neuron from optic-lobe:v1.0 (short)
pJXen_YmBWk,LoVP6, a Drosophila Visual Projection Neuron from optic-lobe:v1.0 (short)
nreO_1LGQT8,LoVP7, a Drosophila Visual Projection Neuron from optic-lobe:v1.0
jTwOO9fAcC4,LoVCLo1, a Drosophila Visual Centrifugal Neuron from optic-lobe:v1.0
fGi1MTI9C5E,LoVP1, a Drosophila Visual Projection Neuron from optic-lobe:v1.0
T5K9km-_I28,LoVCLo3, a Drosophila Visual Centrifugal Neuron from optic-lobe:v1.0
PKtmZe0hMyY,LoVP5, a Drosophila Visual Projection Neuron from optic-lobe:v1.0
Or3nVA53DdQ,LoVP4, a Drosophila Visual Projection Neuron from optic-lobe:v1.0
ySGsAtFbpSI,LoVP3, a Drosophila Visual Projection Neuron from optic-lobe:v1.0
HTjLml7HG5c,LoVP2, a Drosophila Visual Projection Neuron from optic-lobe:v1.0
8wPKmS5mAis,LoVCLo2, a Drosophila Visual Centrifugal Neuron from optic-lobe:v1.0
pw5rCR82iLw,LoVP11, a Drosophila Visual Projection Neuron from optic-lobe:v1.0
l6K8J0WDQho,LoVP12, a Drosophila Visual Projection Neuron from optic-lobe:v1.0
VbW7RKgTg1Q,LoVP14, a Drosophila Visual Projection Neuron from optic-lobe:v1.0 (short)
UQ563agQNBo,LoVP16, a Drosophila Visual Projection Neuron from optic-lobe:v1.0
QCeYiehh2lk,LoVP10, a Drosophila Visual Projection Neuron from optic-lobe:v1.0
KFSfJJNe_9w,LoVP17, a Drosophila Visual Projection Neuron from optic-lobe:v1.0
JppitsUjM14,LoVP9, a Drosophila Visual Projection Neuron from optic-lobe:v1.0 (short)
F6ffVQIr-iY,LoVP8, a Drosophila Visual Projection Neuron from optic-lobe:v1.0
2Eu-VnYOGZw,LoVP13, a Drosophila Visual Projection Neuron from optic-lobe:v1.0
z0XT8lmOqbw,LoVP21, a Drosophila Visual Projection Neuron from optic-lobe:v1.0
qY_93J4jI3M,DNp27, a Drosophila visual system neuron from optic-lobe:v1.0 (short)
nuG_OLPjdw4,LoVP22, a Drosophila Visual Projection Neuron from optic-lobe:v1.0 (short)
lMeCqgdcBdg,LoVP19, a Drosophila Visual Projection Neuron from optic-lobe:v1.0
fUFawuYsrhI,LoVP22, a Drosophila Visual Projection Neuron from optic-lobe:v1.0
ZH7fwFhPu9k,DNp11, a Drosophila visual system neuron from optic-lobe:v1.0 (short)
8TCgrHenpJY,LoVP20, a Drosophila Visual Projection Neuron from optic-lobe:v1.0
7-3N2E3LI8k,LoVP18, a Drosophila Visual Projection Neuron from optic-lobe:v1.0 (short)
uHXp2ItL_as,L2, a Drosophila Optic Lobe Connecting Neuron from optic-lobe:v1.0
UIpOI9bbnaU,HBeyelet, a Drosophila Optic Lobe Intrinsic Neuron from optic-lobe:v1.0
9DGD6rHN82k,H1, a Drosophila Visual Projection Neuron from optic-lobe:v1.0
timQiIe-Iz0,HSN, a Drosophila Visual Projection Neuron from optic-lobe:v1.0 (short)
kShfEKfdfEI,HSS, a Drosophila Visual Projection Neuron from optic-lobe:v1.0
fBPSfxLdXxA,L1, a Drosophila Optic Lobe Connecting Neuron from optic-lobe:v1.0
UBCgzO5busA,HSE, a Drosophila Visual Projection Neuron from optic-lobe:v1.0 (short)
I9eoZupLbio,H2, a Drosophila Visual Projection Neuron from optic-lobe:v1.0
-_qVv6Py20U,KCg-s1, a Drosophila visual system neuron from optic-lobe:v1.0
zbk0L69k1Ds,L4, a Drosophila Optic Lobe Connecting Neuron from optic-lobe:v1.0
yen3jHwjRA8,Lat3, a Drosophila Optic Lobe Connecting Neuron from optic-lobe:v1.0
kjRqBRulYSA,Lai, a Drosophila Optic Lobe Intrinsic Neuron from optic-lobe:v1.0 (short)
X2sABo3ABQw,Lat4, a Drosophila Optic Lobe Connecting Neuron from optic-lobe:v1.0 (short)
RaXGbyZTI2I,Lat5, a Drosophila Visual Centrifugal Neuron from optic-lobe:v1.0 (short)
G33YTp5fqRw,Lat1, a Drosophila Visual Centrifugal Neuron from optic-lobe:v1.0 (short)
FxABwl7TLQQ,LAL048, a Drosophila visual system neuron from optic-lobe:v1.0 (short)
ARLXApu89Js,L5, a Drosophila Optic Lobe Connecting Neuron from optic-lobe:v1.0
A5HSsGzOuPg,L3, a Drosophila Optic Lobe Connecting Neuron from optic-lobe:v1.0
1j_RToRQ1qM,Lat2, a Drosophila Visual Centrifugal Neuron from optic-lobe:v1.0 (short)
wyZKDxva81c,LT54, a Drosophila Visual Projection Neuron from optic-lobe:v1.0 (short)
sRPrRffoxQQ,LT47, a Drosophila Visual Projection Neuron from optic-lobe:v1.0 (short)
s4FI1RTJPr0,LT51, a Drosophila Visual Projection Neuron from optic-lobe:v1.0 (short)
pXp1L9IA1BE,LT58, a Drosophila Optic Lobe Connecting Neuron from optic-lobe:v1.0 (short)
ZbahXowkmlM,LT46, a Drosophila Visual Centrifugal Neuron from optic-lobe:v1.0 (short)
YJsf2VhFcCc,LT43, a Drosophila Visual Projection Neuron from optic-lobe:v1.0 (short)
UqARBWp7Nck,LT55, a Drosophila Visual Projection Neuron from optic-lobe:v1.0 (short)
TBc7reTaq8k,LT56, a Drosophila Visual Centrifugal Neuron from optic-lobe:v1.0
EdgZ2YW-I6Y,LT42, a Drosophila Visual Centrifugal Neuron from optic-lobe:v1.0
0rZpDm5zs0U,LT52, a Drosophila Visual Projection Neuron from optic-lobe:v1.0 (short)
zd1Zxsr-y5Y,LT59, a Drosophila Visual Projection Neuron from optic-lobe:v1.0 (short)
yt1mQ42ocyg,LT66, a Drosophila Visual Projection Neuron from optic-lobe:v1.0
wYlme_9KQMY,LT64, a Drosophila Visual Projection Neuron from optic-lobe:v1.0 (short)
sTOJlOZ2dKE,LT60, a Drosophila Visual Projection Neuron from optic-lobe:v1.0 (short)
apfM9vsKIbM,LT62, a Drosophila Visual Projection Neuron from optic-lobe:v1.0
Y_vTlr1uurY,LT61a, a Drosophila Visual Projection Neuron from optic-lobe:v1.0
HCW78mkZHn0,LT65, a Drosophila Visual Projection Neuron from optic-lobe:v1.0 (short)
DsKUHQX3hUc,LT63, a Drosophila Visual Projection Neuron from optic-lobe:v1.0 (short)
DR72T85sTDE,LT61b, a Drosophila Visual Projection Neuron from optic-lobe:v1.0
BR2MRqiqj5o,LT67, a Drosophila Visual Projection Neuron from optic-lobe:v1.0 (short)
nitt9ibmD6Y,coming soon: Drosophila optic-lobe:v1.0
